{
    "camera_id": 1,
    "cu": 644.701171875,
    "cv": 396.7076721191406,
    "distort_coeffs": [
        -0.156803,
        0.016714,
        -0.000905,
        -0.000335,
        0.545327
    ],
    "focal_u": 490.83941650390625,
    "focal_v": 493.1282043457031,
    "image_height": 800,
    "image_width": 1280,
    "install_direction": 1,
    "pitch": 1.4904072284698486,
    "pos": [
        0.07810293883085251,
        1.5220285654067993,
        -1.8094300031661987
    ],
    "prj_model": 2,
    "roll": 1.02034330368042,
    "s": -1.488696,
    "vcsgnd2img": [
        -306.9391784667969,
        291.2183837890625,
        612.0659790039063,
        -87.3216781616211,
        10.822690963745117,
        -13.365842819213867,
        -0.5012198090553284,
        0.034447453916072845,
        1.0
    ],
    "yaw": -1.5530595779418945
}
