{
    "camera_id": 4,
    "cu": 644.701171875,
    "cv": 396.7076721191406,
    "distort_coeffs": [
        -0.156803,
        0.016714,
        -0.000905,
        -0.000335,
        0.545327
    ],
    "focal_u": 490.83941650390625,
    "focal_v": 493.1282043457031,
    "image_height": 800,
    "image_width": 1280,
    "install_direction": 4,
    "pitch": 2.315157890319824,
    "pos": [
        -0.5951676964759827,
        1.5881640911102295,
        -0.032225050032138824
    ],
    "prj_model": 2,
    "roll": 0.001128650619648397,
    "s": -1.488696,
    "vcsgnd2img": [
        -36720.1875,
        -33480.6953125,
        22599.3828125,
        855.0191650390625,
        3627.148681640625,
        -57742.05078125,
        -0.7193495035171509,
        -53.47289276123047,
        1.0
    ],
    "yaw": -0.04568867385387421
}
