{
    "camera_id": 2,
    "cu": 644.701171875,
    "cv": 396.7076721191406,
    "distort_coeffs": [
        -0.156803,
        0.016714,
        -0.000905,
        -0.000335,
        0.545327
    ],
    "focal_u": 490.83941650390625,
    "focal_v": 493.1282043457031,
    "image_height": 800,
    "image_width": 1280,
    "install_direction": 2,
    "pitch": 1.658921480178833,
    "pos": [
        -0.04338148608803749,
        2.047626256942749,
        -1.3343201875686646
    ],
    "prj_model": 2,
    "roll": -0.8581942319869995,
    "s": -1.488696,
    "vcsgnd2img": [
        398.0256652832031,
        -398.08697509765625,
        665.589111328125,
        41.422237396240234,
        -8.145220756530762,
        -386.726318359375,
        0.6348558664321899,
        -0.03041164204478264,
        1.0
    ],
    "yaw": 1.5936540365219116
}
