{
    "camera_id": 8,
    "cu": 644.701171875,
    "cv": 396.7076721191406,
    "distort_coeffs": [
        -0.156803,
        0.016714,
        -0.000905,
        -0.000335,
        0.545327
    ],
    "focal_u": 490.83941650390625,
    "focal_v": 493.1282043457031,
    "image_height": 800,
    "image_width": 1280,
    "install_direction": 8,
    "pitch": 0.04374675452709198,
    "pos": [
        0.5351824760437012,
        1.547638177871704,
        -0.020481646060943604
    ],
    "prj_model": 2,
    "roll": -1.2620716094970703,
    "s": -1.488696,
    "vcsgnd2img": [
        28899.73046875,
        26891.7265625,
        -15186.6982421875,
        -574.0825805664063,
        -2435.25244140625,
        -44786.51953125,
        0.1251610517501831,
        43.400081634521484,
        1.0
    ],
    "yaw": 2.8687899112701416
}
