{
    "blend_dist": 100,
    "calib_method": 1,
    "camera_id": 2,
    "car_length": 4720,
    "car_width": 1900,
    "cu": 644.701160,
    "cv": 396.707681,
    "s" : -1.488696,
    "pitch": 1.5388576984405518,
    "pos": [
        0.06818187981843948,
        1.6363158226013184,
        -2.315873384475708
    ],
    "roll": 1.0049744844436646,
    "ploy_length": 4,
    "distort_coeffs": [
        -0.156803,
        0.016714,
        -0.000905,
        -0.000335,
        0.545327
    ],
    "vcsgnd2img": [
        -288.02178955078125,
        344.3836975097656,
        658.373291015625,
        -23.037883758544922,
        6.473272323608398,
        -178.80503845214844,
        -0.4469833970069885,
        0.00953203346580267,
        1.0
    ],
    "focal_u": 490.839418,
    "focal_v": 493.128216,
    "fov": 120,
    "image_format": 3,
    "image_height": 800,
    "image_width": 1280,
    "install_direction": 2,
    "isp_ver": "",
    "yaw": -1.5559945106506348,
    "prj_model": 2
}
